,gpr_norm,epu_norm,vix_mean_norm,vix_max_norm,gold_return,oil_return,bonds_return,dollar_return,defense_return,silver_return,btc_return
1990-01-01,0.08975680637354758,0.06989415576551668,0.25177692667871343,0.2234206374340762,,,,,,,
1990-02-01,0.08101980086917754,0.09654222489822907,0.25016514718810423,0.1900826477193579,,,0.9445161265991575,0.947769325776978,,,
1990-03-01,0.060289918993250924,0.08774294647109059,0.18922219812980942,0.1602465221980815,,,1.63173073623252,0.4278555234792942,,,
1990-04-01,0.0899675845386248,0.06419937811871111,0.21476256662714457,0.18013726363982996,,,4.409989334104661,-0.6639591102813436,,,
1990-05-01,0.10002763754366947,0.0773431269283422,0.1518122763671886,0.12382685138282706,,,-4.989692256788122,-0.0967442552364663,,,
1990-06-01,0.08582227525433728,0.08245433213067387,0.1275264485946214,0.11290096884036588,,,-1.9965439401482297,-1.9877934501284351,,,
1990-07-01,0.09871885031943342,0.06101187125137157,0.15743229993744687,0.17341363950334504,,,-0.8338422185629336,-4.464630384705385,,,
1990-08-01,0.4464890297062989,0.13899797075920234,0.3437132243523461,0.3525703913215881,,,5.808833983794794,-0.7022427124538859,,,
1990-09-01,0.31598719752664606,0.1781299671341942,0.3614637438127546,0.2697856656115512,,,-0.4524890448971678,-0.6490490639877555,,,
1990-10-01,0.22135261928568165,0.13657432996636487,0.3713331867078634,0.31769153433929426,,,-1.9462558575030102,-3.213888660461291,,,
1990-11-01,0.2528024101897458,0.15829644150449967,0.2810727536246438,0.27412802957734167,,,-4.613466160068889,-0.4211527505862296,,,
1990-12-01,0.24101507515858553,0.1312627439520231,0.25207641471883413,0.21123404530905332,,,-2.2032752151867676,0.1686740034229372,,,
1991-01-01,0.7185123267118599,0.23410574019999664,0.329505091650388,0.34878834272582504,,,-0.620736838591323,-1.2964374913008696,,,
1991-02-01,0.6342608088222546,0.09076675782419903,0.21847435857008454,0.17229303548059755,,,-0.1246015748584729,2.504950108197196,,,
1991-03-01,0.23141789300210044,0.09285366138136748,0.14839933239366995,0.1390950978910787,,,0.3733636168057454,9.023715990061874,,,
1991-04-01,0.12400497914067993,0.07091326323136103,0.13800644088738948,0.12354672041512071,,,-0.3733636168057468,-0.5229863019956696,,,
1991-05-01,0.10459358469962896,0.05493624797783214,0.12961906885378174,0.0991735361650749,,,0.4975129623974797,1.7220291814764008,,,
1991-06-01,0.10282966101405422,0.060480898316738904,0.13347950859046184,0.11556238669607405,,,2.2086707564297323,3.097663377959634,,,
1991-07-01,0.16080593475000238,0.052732587272781475,0.13650900481414438,0.12592800730312254,,,-0.48661851346001456,-2.711851496785197,,,
1991-08-01,0.15723738516610272,0.07989277444936753,0.10579859096232777,0.13853480923835865,,,-4.74495545010558,0.0,,,
1991-09-01,0.16662981553422024,0.1213133816065204,0.13008041289404668,0.09693232811957991,,,-4.578960545087044,-3.915649740275198,,,
1991-10-01,0.13049263148152124,0.09312343223777127,0.11879605905412402,0.10197505958059733,,,0.0,0.033363486926206165,,,
1991-11-01,0.130303654620423,0.14089412983085636,0.14563816983780406,0.14876032428559288,,,-1.212131693865133,-1.9537987736334792,,,
1991-12-01,0.13711951890564608,0.1855878976387439,0.15657085040507676,0.1298501080240851,,,-9.517469745059723,-5.440752164241334,,,
1992-01-01,0.13498237881004777,0.10524407597157039,0.14391827799371557,0.11107997060508407,,,8.564430926530783,4.643839276016243,,,
1992-02-01,0.10170952838478214,0.16145505370744823,0.13999907365313383,0.10491666183862658,,,-0.5486977012151187,1.6999503162163876,,,
1992-03-01,0.0976837314963648,0.076520479369579,0.14081954253074178,0.1189242254816239,,,3.6465888038744647,0.7389237208058514,,,
1992-04-01,0.09886287105480993,0.06626663253585015,0.12258445601914683,0.1239669302253339,,,0.9241012457609514,-0.033467706656923446,,,
1992-05-01,0.08431650285556799,0.049838350804953926,0.09428997334976977,0.07872250607060638,,,-3.7487683928085005,-2.7144863594673687,,,
1992-06-01,0.11574510476130812,0.11396070595052947,0.09669279693900404,0.09665219715187356,,,-2.6262747838112737,-4.095576425171775,,,
1992-07-01,0.07635134085592726,0.11001992999745079,0.06619877469581978,0.06345425956235473,,,-6.062463433841936,-2.1856783922130667,,,
1992-08-01,0.08997043659391252,0.11412774618705583,0.0818153005063468,0.06849699102337212,,,-1.4992770651808116,-3.7693452761823427,,,
1992-09-01,0.07511148635779777,0.1421157496265784,0.06800492795933025,0.05448941402172114,,,-3.8495901043304412,2.7755266831956615,,,
1992-10-01,0.06153776569150868,0.17124299329887283,0.1430354014191745,0.13615352235035677,,,6.532318861284063,7.7440431418232425,,,
1992-11-01,0.10974681354525812,0.093166214812316,0.08186471960191297,0.08446560502685069,,,2.1818991901529894,3.59763031986987,,,
1992-12-01,0.09372087318395783,0.06335239763963889,0.03934014518048881,0.021011345464495956,,,-3.6634134203805258,1.6594314171176592,,,
1993-01-01,0.18981091808014203,0.05687280377461572,0.043484492427977445,0.04790586872774308,,,-4.73732504338597,0.10821175635128125,,,
1993-02-01,0.1086043639861923,0.09144021976982765,0.06847932258064057,0.06443478474259537,,,-5.7987201961989,1.7050479537083163,,,
1993-03-01,0.11657376378549786,0.09558736191534455,0.0662800604301719,0.06891720083358532,,,0.0,-2.3452024015515702,,,
1993-04-01,0.15560404371810813,0.06596803489247126,0.0517099617594009,0.0553298737181086,,,0.3311258035991887,-2.6247700856169494,,,
1993-05-01,0.15139711714896048,0.1304456124771079,0.06627840909930574,0.0484661707391168,,,1.8018449205493423,-0.4592000379264301,,,
1993-06-01,0.1375962310846698,0.11158852530514508,0.04567611373596042,0.04818601305410311,,,-6.021880233697229,4.981595267203593,,,
1993-07-01,0.17797675777968172,0.0907445924480839,0.026183897537557427,0.03599943428773389,,,0.5159036838266474,1.8413276773670848,,,
1993-08-01,0.12291025719608997,0.10408451402781897,0.03433715316060745,0.015268246508251648,,,-6.740141359803147,-1.500139901335796,,,
1993-09-01,0.10585182448071484,0.10474776394148784,0.053432853905902744,0.08404536849933011,,,-0.9216602447065416,-1.2100562851480878,,,
1993-10-01,0.1417582659813226,0.05004718110266822,0.03332031382250203,0.025773919240499626,,,-0.2224710558750185,2.4056531224829416,,,
1993-11-01,0.09384592855733634,0.0653892934351858,0.07537711089053875,0.06443478474259537,,,7.2821229285079125,1.181463110721057,,,
1993-12-01,0.08554917081890467,0.04776755519082024,0.0234396275706385,0.03543913227636014,,,-0.2072912100391548,0.6526801396529055,,,
1994-01-01,0.09386661804315233,0.055149390221194694,0.022184964628900045,0.017789598880106672,,,-2.5393183135066564,-1.299192048869543,,,
1994-02-01,0.16515114571733766,0.07551665207631471,0.06700603055322066,0.06527524443898283,,,8.692270260359102,-1.0939346383957806,,,
1994-03-01,0.11495299071673729,0.05652274359793445,0.09707929266027446,0.12816921534861753,,,9.663968184832886,-1.5884407199374184,,,
1994-04-01,0.11892975481283524,0.09052620706204641,0.12083626997380767,0.17607508407636058,,,3.7805889702876594,-1.015231541400066,,,
1994-05-01,0.13816971978379552,0.07310281784032889,0.07182250357236117,0.06807675449585157,,,1.6494362060808156,0.4332696312161747,,,
1994-06-01,0.17171984799093168,0.06275959422448478,0.0625201024905798,0.07592098265508399,,,2.4447049485880297,-3.1846261074935813,,,
1994-07-01,0.12797602301289573,0.04506233191687885,0.04492220307007028,0.05070737878461179,,,-3.244879938251067,0.2785672227031477,,,
1994-08-01,0.12499132298433652,0.06500672940041068,0.03358485970130415,0.021431568633362846,,,0.9817774915354621,-0.2227967687973619,,,
1994-09-01,0.12640943899460186,0.0595611955966872,0.05918188925744941,0.04566466068224809,,,5.880860071958477,-2.016402828140012,,,
1994-10-01,0.11786669551593099,0.024852445460888842,0.097493652765926,0.0794228735658333,,,2.520926657695198,-2.5236055090458334,,,
1994-11-01,0.10028675562887754,0.07337246892709208,0.11917493886136935,0.0995937726925955,,,1.2116695498557002,3.935978615499216,,,
1994-12-01,0.12038815408987627,0.07348407108943532,0.07715441325245789,0.0959518029393393,,,-0.7763305895519221,-0.449785864678923,,,
1995-01-01,0.08682246042845798,0.1141266572853827,0.04091919099509922,0.04132231007511131,,,-3.0352551165283277,-0.8374941301011432,,,
1995-02-01,0.07989646169187015,0.08194153292679211,0.025603553736405466,0.01694915254237289,,,-5.175780510265482,-2.3690132502785994,,,
1995-03-01,0.09123605626947173,0.061314749585771336,0.03886709240661862,0.04090208690624442,,,-0.2916858544554217,-4.80340053865543,,,
1995-04-01,0.12702698147427346,0.03118828134125838,0.044124923384844805,0.03081663734286333,,,-2.0092017582700934,-0.1221728573770233,,,
1995-05-01,0.10305922729475564,0.03310857023778989,0.040759681496324224,0.02563384039799277,,,-11.413517788957789,0.9369133817119297,,,
1995-06-01,0.13846744535188144,0.04563770121460077,0.03373125203379565,0.030116256488982723,,,-1.3291845510315274,-1.2062258399063799,,,
1995-07-01,0.1448829906451942,0.05420864705302711,0.04548396160636248,0.03067655850035647,,,3.5785932671695178,-0.012261276309475216,,,
1995-08-01,0.14338213280497156,0.016327581230286187,0.05089700618304746,0.034738751422479536,,,-2.4564318320690957,4.787320729236158,,,
1995-09-01,0.06792106825809419,0.03763587434489066,0.03678152133351073,0.026894523263247122,,,-1.8665014949779686,-1.5071505992548648,,,
1995-10-01,0.060605788144692585,0.051639493185059976,0.0805845427905271,0.062193576697100406,,,-2.533034841358406,-0.7502235083256346,,,
1995-11-01,0.07875211076261251,0.08294802115790921,0.04462795050119467,0.029555954477608976,,,-4.392941666756349,1.894442660477589,,,
1995-12-01,0.05623511815275506,0.06746692760949853,0.030906897643775633,0.04552458183974123,,,-3.0037608246978316,-0.5881677789163433,,,
1996-01-01,0.07727672806029884,0.08350391739128864,0.06375786500139083,0.07143856656409403,,,0.1075662015560398,3.0442633487289465,,,
1996-02-01,0.08738476649272675,0.05475036644988854,0.09345209901190035,0.0804034254633813,,,9.088610484261132,-1.2552664960567432,,,
1996-03-01,0.0910315461807048,0.0468243012740205,0.14542642967137923,0.13167110625936684,,,3.5677915590085227,0.26618351552419706,,,
1996-04-01,0.09669384272523196,0.03837121347404299,0.12282022266541068,0.12494745540557456,,,4.612520943357137,1.7188460959292358,,,
1996-05-01,0.05593682861893429,0.025474931944373114,0.11465336896963799,0.10253537495062476,,,3.1315160948848257,-0.2730352890944325,,,
1996-06-01,0.0634508341439938,0.055076089531024414,0.119388037640098,0.10281550591833111,,,-1.9624369904045942,0.045559130486143525,,,
1996-07-01,0.08785658022651055,0.036625449223653475,0.14954448375683502,0.14357751398206864,,,1.1702969892212656,-2.2105414904914094,,,
1996-08-01,0.09006009103244852,0.06449232881440141,0.10730468375652183,0.10449642531110603,,,2.127428482625019,0.5340765960490155,,,
1996-09-01,0.10380781929790198,0.05027985581802365,0.1228728185295698,0.1290096616863513,,,-3.4766976905340385,1.8130178800712493,,,
1996-10-01,0.03493508303219174,0.016007407396305254,0.11913551516707796,0.10057429787283612,,,-5.366092729009706,-0.5816314831529996,,,
1996-11-01,0.03864752444501421,0.0435026122075943,0.11180910081954884,0.09441098910637863,,,-4.989331095230717,0.5588812585677789,,,
1996-12-01,0.07589908867648973,0.032919923510373955,0.1739630319188604,0.14974084946583355,,,5.898714714760385,0.2952894121626145,,,
1997-01-01,0.03171555572829021,0.04508213589853523,0.17800441183642304,0.13783441502582433,,,1.4872422671882304,5.364933465993751,,,
1997-02-01,0.024318274997039993,0.06954812648142249,0.19069230027418857,0.14161646362158736,,,0.49087482763662105,1.9688801502909414,,,
1997-03-01,0.0410455953728255,0.03774140452047205,0.1912736006173795,0.15184197866882165,,,5.53630757689881,-0.17931355302798457,,,
1997-04-01,0.05026327692967,0.03869963835070295,0.1816051851097251,0.14063593844134675,,,-3.0129389120769674,2.5639748094885424,,,
1997-05-01,0.030688235745669368,0.045705499420264584,0.18660364969289125,0.14385767166708235,,,-0.5836160764125224,-2.4268251824332716,,,
1997-06-01,0.0,0.05836227477230202,0.19173606764496862,0.14735956257783167,,,-2.4460050023679196,0.8608070257059194,,,
1997-07-01,0.01827474567240088,0.04693566341991258,0.19811160136997233,0.17103235261534316,,,-7.968385468344506,4.065893371761378,,,
1997-08-01,0.02014148836809393,0.020778072199707537,0.2467780565924377,0.1885418071690898,,,5.287427919950782,-0.6443834133822055,,,
1997-09-01,0.0076950062993361296,0.014160856337203126,0.2606337626260973,0.20577110403782273,,,-3.5864590475563562,-1.927548724317061,,,
1997-10-01,0.02259987945957516,0.07078816670472503,0.26174753997707434,0.3768034700118196,,,-4.830724794232622,-1.5253226683055705,,,
1997-11-01,0.04360811065226858,0.06057465957432463,0.417208261754377,0.37176073855080216,,,0.5484172433823298,2.2231195477997763,,,
1997-12-01,0.010460001390900642,0.08662278277448847,0.3075542409556308,0.2657234860480818,,,-1.9327606245622515,1.8841730284824751,,,
1998-01-01,0.029675079359646875,0.09287759956289061,0.26166432858251165,0.24359153656083837,,,-4.035740293671273,1.1375091479114217,,,
1998-02-01,0.08142194066474609,0.08287354639124168,0.1880163230231406,0.14357751398206864,,,1.869214903232224,-0.9670592466097863,,,
1998-03-01,0.038443610548595575,0.056700249601505756,0.19105720834836984,0.1871410454613286,,,0.8157520386083602,1.669023749763963,,,
1998-04-01,0.02524046371002958,0.043629182234829145,0.22666551132035814,0.20717186574558394,,,0.0882626521319776,-1.7792834823041412,,,
1998-05-01,0.11706383389578442,0.05196532696960868,0.20467954099027533,0.1693514332225683,,,-2.158289699523762,0.7394097221278245,,,
1998-06-01,0.0787005320678329,0.05308359153007636,0.21969891105845388,0.20507073654259583,,,-2.0401434069237276,0.7142191238929065,,,
1998-07-01,0.03168594752721006,0.08326911974712346,0.18670339032891406,0.1954055101480816,,,1.0981066223177975,0.029647457864721085,,,
1998-08-01,0.12244388975997425,0.125977897106418,0.4087030652212833,0.46196942917524353,,,-8.783904774972543,-0.9930568503555972,,,
1998-09-01,0.049564112494857426,0.18268603289458102,0.5347011775881009,0.47611709837805505,,,-13.194287742730474,-4.105071850947894,,,
1998-10-01,0.03243619920094756,0.147379242642747,0.5042982430335751,0.48242051270432673,,,4.283364561266421,-2.5699095111294206,,,
1998-11-01,0.061079777174882305,0.1010389743862083,0.3065380632605499,0.2518560012475914,,,2.637084277813562,2.601098137528009,,,
1998-12-01,0.07796305824631664,0.09720195353674597,0.2923721436845531,0.28029133834379916,,,-1.8795901948322615,-2.1327685870774693,,,
1999-01-01,0.05267674412204296,0.11547408912398037,0.3410481437423395,0.303683970696297,,,0.32289053269541845,2.007955675150154,,,
1999-02-01,0.040699908547316435,0.07382678046406814,0.3560416329115661,0.2809917325563335,,,12.489761945864348,2.6701097924402997,,,
1999-03-01,0.0936708413666224,0.03270559693136171,0.28914395126498094,0.25101552819255024,,,-0.7233922621615988,1.4287376323893455,,,
1999-04-01,0.1418260707759595,0.03676397975259202,0.25427718660385545,0.21179436067908075,,,2.1920699617442745,0.8950845763630175,,,
1999-05-01,0.09798746732785366,0.02939588053447119,0.30618577739480946,0.24653311210156026,,,4.763242456437595,1.483985879329022,,,
1999-06-01,0.0852508490584705,0.04431775459985195,0.25709152433200644,0.21459588409460317,,,3.4851593368601033,0.3311225628452276,,,
1999-07-01,0.04878146501797892,0.061379081867989585,0.20801289249426666,0.19162346155231857,,,1.6557538288369504,-3.0604545493029143,,,
1999-08-01,0.05029317517027093,0.047404878165261136,0.27036936091881836,0.2402297244925959,,,1.2115245907576129,0.20029746435911308,,,
1999-09-01,0.06449189877723849,0.04810033275150723,0.274516679820924,0.2316851021208292,,,-1.5846565606499798,-1.420746400682622,,,
1999-10-01,0.07034631427767238,0.030220139018759598,0.2646145602375819,0.24443198289857215,,,1.9852528443542288,0.526313610762112,,,
1999-11-01,0.039955393210767784,0.04636370970421361,0.22265751119550434,0.18041742132484367,,,2.63043812630063,2.914904580257812,,,
1999-12-01,0.09934718871460091,0.050782194980898976,0.22915093264615535,0.1885418071690898,,,4.3188142844823245,-0.11772307533247839,,,
2000-01-01,0.05367062093658659,0.06499408439850975,0.24901056191810908,0.22005882536583377,,,3.541812401545372,3.150013589854863,,,
2000-02-01,0.05173583980330937,0.04202353731015007,0.25650380537343254,0.20591118288032956,,,-3.9466716148783894,0.7486421439389238,,,
2000-03-01,0.02335107376175523,0.04192565449769947,0.23979894454258135,0.19848716453131038,,,-6.211780522911933,-0.45419809928934796,,,
2000-04-01,0.020353620050934815,0.03795760446844515,0.3244610988023765,0.3108278580776098,,,3.121941239664855,4.361018438408102,,,
2000-05-01,0.0854036193193907,0.10785870448726993,0.309397903767782,0.28477375443478914,,,1.1360970573884677,-1.2792586220268383,,,
2000-06-01,0.054219762429273066,0.09527480848439603,0.21736187210975308,0.1645888594465646,,,-4.341081863817137,-1.762733810728577,,,
2000-07-01,0.02715698041015069,0.06156787771099394,0.18599882140403698,0.13811457271083805,,,0.18261281123739045,2.523125766690546,,,
2000-08-01,0.015727312448038613,0.020765479925078642,0.15164029251209635,0.12956995033907137,,,-5.1040115831288775,2.72780905221784,,,
2000-09-01,0.028816965210790732,0.04229670036725253,0.1820855782285302,0.14820000891556545,-1.7032416612427466,-7.0072369570860475,0.8516569510282688,0.5756062208876013,,-2.1006552126741407,
2000-10-01,0.07901195394662255,0.06635370840478934,0.28705754933314664,0.2690852981163243,-3.231483481937164,5.760831201350916,-0.36410805245808137,2.9580247185126285,,-3.0044728661348765,
2000-11-01,0.012703569877320381,0.17849104826507944,0.3095821447109577,0.25703878483380826,1.9439910158618976,3.33916011901954,-5.682125610565611,-1.2161119869172814,,-1.6971217844385527,
2000-12-01,0.013410114206606247,0.1538855198476305,0.31239363671608444,0.2863145949850572,0.7009782900183681,-23.20589208678792,-6.239581394338862,-5.0544569567956845,,-1.9225076383740898,
2001-01-01,0.016587529383420452,0.1438372335049924,0.2816984356459702,0.2618013586098119,-2.3810625713614817,6.849529029991083,1.3412537947251784,0.8724147570083385,,4.394902078218236,
2001-02-01,0.03388094245055165,0.1232705926560317,0.25300148246896925,0.23882896278483473,0.4507827705594715,-4.562447243224332,-5.374544299674438,1.3391702414208089,,-6.890337166118172,
2001-03-01,0.0478650287554849,0.136133135829474,0.34983732456068883,0.3017229203358157,-3.392737906688861,-3.7908681213928452,0.14252205436089635,4.6743189417657565,,-4.435018102360053,
2001-04-01,0.024336853639676942,0.15287031229124037,0.3429283418331066,0.32805715494634274,2.3377213925227567,7.513556479013049,8.255927155690882,-1.3035123805864115,,0.9769859866669431,
2001-05-01,0.04505164540386941,0.10681930250912942,0.24409932239028767,0.20282952849710084,0.4912111985197232,-0.3167282090310329,1.3952470152547003,2.7415315192864,,1.743957372255411,
2001-06-01,0.06973563606665933,0.07156986402129446,0.2059454201889048,0.16626977883933952,1.9780523160664272,-7.766628936484682,-0.425812739710449,0.3018875335515542,,-2.394223360858931,
2001-07-01,0.046521767111542184,0.11102179015787215,0.23214250770173586,0.19526543130557478,-1.6393786474551018,0.38023004267679106,-6.773465779187804,-1.9019211514628698,,-1.9290125351084084,
2001-08-01,0.05293126185818525,0.07442030536008538,0.22348859939949287,0.1976467181935766,3.0338921790970623,3.1748711886795045,-4.4866997520099305,-3.261349027911351,,-1.1466885705854357,
2001-09-01,0.9706815161745049,0.3351916490159021,0.47491849725842894,0.4544053854183322,6.353583339316966,-14.919973580649026,-5.133704780136345,0.05289130805079614,,11.02260437548981,
2001-10-01,0.9999999999999999,0.2977438891154229,0.4302822481569816,0.33632161963309576,-4.5120414406612905,-10.09599109627682,-7.0633516569214,1.208736122765418,,-9.780944601299373,
2001-11-01,0.5654683329372682,0.18776071646840353,0.3143065076669006,0.29429892870410385,-2.02392386098589,-8.57245280775451,10.690751238262642,1.0996228856715837,,-2.0619393285990464,
2001-12-01,0.41617896521246645,0.15426841885566356,0.25887459884751407,0.20465050001507523,1.7372924302503294,2.036728304325631,5.8936879435414475,0.5324666942266518,,10.368765733648514,
2002-01-01,0.2818079413723136,0.15241707343216138,0.23093648060484515,0.1827987082128455,1.2125661356152013,-1.8311834832421654,-0.1392059361897468,2.9454831129324477,,-8.259380260171103,
2002-02-01,0.22628022961075342,0.08796057005540987,0.24279869660909745,0.20717186574558394,5.0459928795498294,11.481266428494076,-3.3592775105719315,-0.9022569100542999,,6.452372590014026,
2002-03-01,0.23851010049740487,0.07752699623088903,0.1687081968625969,0.12886958284384442,1.9690253085049858,18.270283742670163,10.66767754393317,-0.45420290127479357,,3.1519259733117555,
2002-04-01,0.25016875466117683,0.09024714713952921,0.1861407736323187,0.17859642308956192,2.0605758641164913,3.9616591841465905,-6.003518260180088,-2.9342169432022946,,-2.376645839833681,
2002-05-01,0.26247277898530896,0.07918404070244593,0.18970691671993836,0.1577251564675728,5.541236855082213,-7.374162318302781,-0.947310368777787,-2.9781979809052888,,10.346108620027351,
2002-06-01,0.2329218768238249,0.09757681676536346,0.288409566197278,0.23980948796507534,-4.063058864351034,5.785946873322243,-4.43977520568987,-5.232468268640096,,-3.9157012925907377,
2002-07-01,0.17684378284496158,0.1394955539698532,0.4555753102216574,0.4709342613572234,-3.3406666044102495,0.5939135655183532,-7.733418640818623,1.2177024067069702,,-5.0498720601941285,
2002-08-01,0.18589619021487866,0.13428783018376655,0.44973272605745174,0.4731755228373331,2.989170439915571,7.002857162297499,-7.629834073736895,-0.40113892224531883,,-3.4990283317325517,
2002-09-01,0.2869319406795703,0.15447319177786228,0.5240895004718229,0.4111220116240859,3.615040890542752,5.01366493657959,-13.709447464525018,-0.10287642451594246,,2.074355898006818,
2002-10-01,0.2808675043394746,0.12378218032558035,0.4783025470571852,0.4389970333502663,-1.8383424553279362,-11.279059846493636,8.091666606713241,-0.2154498090044038,,-0.6866819841135834,
2002-11-01,0.25361352182292807,0.17266497052528068,0.34370908181271276,0.28183217889406725,-0.3780761372202453,-1.2197524414861995,7.438184125312765,-0.21590782782501938,,-1.907385035652855,
2002-12-01,0.28885045542972354,0.1700036719319991,0.344384645630037,0.27286734671208734,9.278178954228322,14.866367168593797,-9.844819465450009,-4.379846417754052,,8.404293856767184,
2003-01-01,0.35352607813007264,0.207025193631232,0.32941358466145154,0.32763689170151483,5.784537935650072,7.142573239205909,4.029797832866587,-1.9231310292176815,,1.0772850042940723,
2003-02-01,0.4235945990000597,0.17198624265211526,0.4207060705629051,0.32259421367511215,-5.039333559769377,8.820434705595611,-7.2773543500059334,-0.20038537402083761,,-5.680699019481998,
2003-03-01,0.6751347249687353,0.26444691741553694,0.3905401193087913,0.3125087507530774,-4.16909762614506,-16.47714739065396,3.3784262125908175,-0.6540261144441653,,-2.7417165578344904,
2003-04-01,0.45773353966100305,0.19377559362998065,0.2640523530535297,0.24975484532729592,0.9481588683140307,-18.490226245382484,0.8854265662203656,-1.9057851879047387,,3.8910292850768835,
2003-05-01,0.2599374468542861,0.11398470878857182,0.19259750939432055,0.14413782935209607,7.223148431795876,13.60476156568245,-14.092939103345609,-4.116937388810859,,-2.444468903241241,
2003-06-01,0.2254016676756819,0.09690872310021169,0.19493701894029178,0.15198205751132848,-5.208777639098853,2.1088683395532812,5.177085375399334,1.553229857709793,,0.6825995171854824,
2003-07-01,0.20244246147646747,0.08669441647167227,0.1720666078691366,0.12494745540557456,2.2858138076050185,1.1526568359828526,23.755168682903886,2.254553277318403,,11.570837057581791,
2003-08-01,0.20947969036927636,0.0690012435099641,0.1742169312679576,0.15940607586034772,5.949407193758094,3.316996313480107,-0.44802899734063306,1.2411042919511146,,-0.13691873476430172,
2003-09-01,0.16716645310089953,0.09523030475808313,0.1791317187357235,0.15996636451306778,2.549075507207713,-7.803855750096243,-12.338354681222702,-5.500207965208769,,0.5465537153744143,
2003-10-01,0.14630218624700914,0.04969943448416493,0.15039838810767328,0.13685388984558372,-0.2337951197733768,-0.3086956677692182,8.842856013002729,-0.12931903516141538,,-1.530042949619786,
2003-11-01,0.166935001563313,0.04986132868208744,0.13854582494572718,0.11458186151583344,3.14885557013309,4.3689717946978455,0.4407860695937473,-2.75518054935923,,5.686186913555482,
2003-12-01,0.1909661777180425,0.06698612932665386,0.12760229143397003,0.0981930109848343,4.6531530976563555,6.7083802084398165,-1.469076231523191,-3.7152141197449926,,10.586459824417709,
2004-01-01,0.15717944171517254,0.06394858752945305,0.11378952884392127,0.09693232811957991,-3.301436793439235,1.6166244457310588,-2.8352097588255387,0.3216161595458714,,4.804592322880899,
2004-02-01,0.16057635235599424,0.06486586503357412,0.11183616838175461,0.09202970221837675,-1.4525720630733292,8.993198809088385,-3.7926250505395767,0.1260679942500913,,6.956911906481296,
2004-03-01,0.2101157148117447,0.058145925947325414,0.14399843796421916,0.14399775050958924,7.506252702368724,-1.1123627935856548,-3.7595548155998726,0.34301777847491194,,16.98990056400425,
2004-04-01,0.23355751454693216,0.051376898486527434,0.10612627127988292,0.08348507984661005,-9.906162105237296,4.4305927233606415,15.96087947803082,3.22337152642916,,-26.673364784753346,
2004-05-01,0.17328050231235617,0.07707863070782571,0.14433375181389338,0.12130548565231836,1.7926216268152113,6.473914127493996,3.364237759276609,-1.7054489106097015,,0.443240489507903,
2004-06-01,0.20737400344837656,0.059533250619656045,0.09962460509724094,0.08026334662087445,-0.35596119091757933,-7.360664072693009,-0.8196789967617654,-0.16876954383895912,,-5.539670513374743,
2004-07-01,0.19424987626591775,0.06494675272488494,0.10239030493651921,0.08404536849933011,-0.40837374033921736,16.736546881375354,-3.1238835417362223,1.297843254929995,,12.575367321382588,
2004-08-01,0.21398861253278814,0.058320860243812014,0.12489305475804455,0.11262081115535216,4.842471899907978,-3.9111138056778065,-7.974478654393594,-1.1403104381479143,,3.31836942152198,
2004-09-01,0.24251287147053321,0.09369479784158939,0.07532270413424072,0.05056729994210493,2.00224231952521,16.427428613393385,-0.31511386051249635,-1.7924493549366662,,2.1188778843143417,
2004-10-01,0.1706861310255469,0.10815017512127549,0.09232496681384264,0.07395993229460271,2.313603585813678,4.182066972392268,-2.209224734469773,-2.844560384264278,,5.29402798806073,
2004-11-01,0.1766939290925559,0.0763254609927146,0.06572889411541313,0.06961759504611961,5.184154174652499,-5.214774984362221,7.849503308325627,-3.7070206369168033,,5.74250643023875,
2004-12-01,0.14963459532106957,0.03197826906702224,0.044447006295155106,0.03319792423086518,-3.1055573986690335,-12.285899865072599,-3.3126360764996,-1.1926141621254653,,-12.625137800539433,
2005-01-01,0.13061043586688012,0.03227445390088744,0.06307925914030468,0.04692533018884876,-3.654546669332541,10.374816761475211,-1.9883319631163927,3.344793468836115,,-1.0336797723119904,
2005-02-01,0.1476973407952123,0.010163791516039827,0.030153719045225263,0.025773919240499626,3.4257136175313216,7.106539526030459,5.323920990434549,-1.3123977831699818,,8.83093616567026,
2005-03-01,0.10848275686044981,0.006654218955425589,0.05714491521988857,0.044684122143353766,-1.8030973201195293,6.815518915069989,3.0945350503275395,1.8611276526539624,,-2.3093839938104477,
2005-04-01,0.10134823582172417,0.0494199188644094,0.08252259439167989,0.090208703983095,1.4588629010222551,-10.817233010211709,-6.786542797885235,0.43919917625949434,,-4.101902450764487,
2005-05-01,0.12494683414450941,0.044560561540504154,0.07316454842477679,0.07031796254134653,-4.393990621043375,4.42593613149001,-4.752939531943473,3.8683048012756722,,7.559709002961081,
2005-06-01,0.08886978495245318,0.05472712827658377,0.03319459972174588,0.019610583756734745,4.600672036399584,8.357398564343379,-1.5344310342472223,1.526572816533821,,-5.750615456468322,
2005-07-01,0.26792091357034975,0.039927461951367024,0.017586647004030426,0.016668994857359176,-1.3860235937534624,6.955907780206223,8.290490716335928,0.2689656053843338,,2.944276059101494,
2005-08-01,0.16300872045713838,0.021810496284063147,0.053811343020674335,0.04020170605236381,0.9030960948294133,12.943688054775466,-6.407194665293763,-2.000854224741283,,-6.522030959297857,
2005-09-01,0.136777642877174,0.08966670099283648,0.04765662209444546,0.034878830264986393,7.801919819327353,-3.995211867506469,7.382365952309096,2.1909344223934712,,9.516270235443233,
2005-10-01,0.10141038484570575,0.05152845289025405,0.09163580649612266,0.07241909174433467,-0.8350319093210181,-10.294796508937994,5.199774716889176,0.6125115903033924,,1.2260282215648919,
2005-11-01,0.09384575131096251,0.022473023046774246,0.038507138530877394,0.04972685360437115,6.149691807455313,-4.168691510186815,-1.3025907801989929,1.6516561379491261,,9.229534762348287,
2005-12-01,0.11891555898962347,0.03711516867463166,0.021604621282895337,0.01274688077774297,4.448686476112652,6.2879804339111685,-2.36098699789486,-0.43778282740853275,,6.317889927095901,
2006-01-01,0.11714098440831325,0.044543613420597816,0.036381628042645,0.04566466068224809,9.880263202810323,10.680111306908906,2.959193070198663,-2.4539055302027863,,11.044965849361722,
2006-02-01,0.11998833461047403,0.03632856497803216,0.04466613221338206,0.03207732020811768,-1.624905497758517,-10.075782918753246,0.44082022424946554,1.2844332809528678,,-1.3285847967440825,
2006-03-01,0.11352440105711026,0.015033848539525288,0.02986742446106752,0.020170885768108493,3.5336915840343464,8.158219949647503,6.512944448139191,-0.42259542988891086,,16.642070507208835,
2006-04-01,0.10553717994058315,0.054206854683653924,0.03278960487720045,0.023812855521364668,11.36110225956651,7.584313835165771,4.354640936120621,-4.117964292534334,,16.28238178972327,
2006-05-01,0.09749673657199195,0.03385567226066809,0.08243686149815563,0.10309566360334482,-1.437093090590073,-0.8241945732866632,0.8642786099739443,-1.6273840094290812,,-8.589501871060374,
2006-06-01,0.1341695430530475,0.05558089613936504,0.12935939611681938,0.17523461102131943,-4.6186552618408685,3.7038753808704383,0.48776012308913325,0.5884446694076834,-1.9567420588174462,-12.78553643442427,
2006-07-01,0.20716472382082338,0.05835699655764062,0.09903156302198932,0.10281550591833111,3.318411720120119,0.566113056763275,-2.9628889922293737,0.0938327878490191,0.6971518187509365,3.7332868668245442,
2006-08-01,0.2281713195128857,0.03930340832269433,0.06143663530583385,0.055049716033094886,-1.3173728415181447,-5.725328510584397,-5.268709147952013,-0.2935135550598799,0.31529030956480936,13.021462726916223,
2006-09-01,0.15349751890525937,0.024948191685541826,0.03920944371774285,0.03613951313024075,-4.4597098303658,-11.049754608588385,-2.114333530984075,1.0759057661732052,2.5424815098878337,-11.923756845414749,
2006-10-01,0.15647764275471288,0.015947521860227173,0.022487502181335384,0.017789598880106672,0.9146152097424486,-6.875446941639068,-0.5844794399712058,-0.7589522359215979,3.7785981263368478,6.442935278400965,
2006-11-01,0.10503689399384228,0.007081315465999105,0.01318056690183314,0.014007563642997295,6.845205405927383,7.224544755877865,-3.2659513766536135,-2.8532624540917584,4.058504378672934,13.126673338445336,
2006-12-01,0.10889686884290409,0.009198349676847989,0.01597755326356115,0.019190360587867855,-1.8251831639482148,-3.350292123907851,5.49876400903386,0.9601646673186847,1.3363221881850542,-8.283537892800794,
2007-01-01,0.12434297186223484,0.04370672663535434,0.01746287133077945,0.011766355597502332,2.610463277610869,-4.883930342698596,2.4330095340400324,1.0574557991532765,3.674203823925204,5.287576003090701,
2007-02-01,0.12064551582465294,0.008935153744262778,0.01961016520342268,0.0981930109848343,2.633726332213299,6.0887669256877075,-5.889073658526317,-1.236786978850788,0.018031872956277305,4.244864382516898,
2007-03-01,0.10199049611388936,0.0407953819571248,0.09592243875095233,0.11668299071882154,-0.9606835062923462,6.394159045996648,2.13096937824844,-0.7687718218573774,1.991905691023144,-5.166663909539636,
2007-04-01,0.07934322741927927,0.02214007060332518,0.053462779913533126,0.045244424154727514,2.6052831905658165,-0.24320373726805447,-0.38800758496894333,-1.8007584562846672,3.5799100941897324,0.40990816794242096,
2007-05-01,0.11310614795483143,0.03874798245952711,0.060408113522403634,0.03894102318710946,-2.9073982239834515,-2.6211752449631947,5.463538336781775,1.038184718373437,6.42928653063625,-0.26811141385020665,
2007-06-01,0.12445336412650698,0.035251583605044254,0.0918262310079456,0.10631739682908042,-1.9708872088225706,9.912329724190831,2.8823950095127606,-0.46280058244646693,0.6594668169036285,-8.20272296517653,
2007-07-01,0.15481117234812192,0.0,0.13611372583891704,0.18027734248233684,2.8595178483080153,10.123485313829994,-5.346031893380143,-1.4137571046890702,1.4222897067664928,4.7196850184512575,
2007-08-01,0.09319759354854137,0.066491691858457,0.2837457985122738,0.27356771420731424,0.910518339818712,-5.4792004836902315,-5.028986714524901,0.024763893123871162,2.1115344859615406,-7.095287960238757,
2007-09-01,0.11709631832211234,0.09572827399916946,0.22990990132426917,0.22524160895205064,9.868148340001651,9.795883066664127,0.9214592642574824,-3.8740566608142353,6.826232384484462,13.409079741140944,
2007-10-01,0.1318468582306803,0.06742203976142973,0.17119614473691755,0.16332817658131027,6.41345787696814,14.635290078665383,-2.297430242621264,-1.6083327579556292,1.9061867304762856,4.139600613178134,
2007-11-01,0.10718379875330702,0.09083747941115143,0.2943390499608819,0.27720968396057044,-1.2450913886989121,-6.354461931185604,-11.923661352484629,-0.43242132571287273,-3.1053639511676816,-2.9218702088099806,
2007-12-01,0.11810717050527528,0.10616451150526997,0.21947559456834523,0.18517999510084737,6.520150851441799,7.876725919340062,1.573654701501526,0.7196569205996004,-1.1263923465758516,5.80134576102707,
2008-01-01,0.08966341364785477,0.19445535171292377,0.2987913808648943,0.27608907993782295,9.999218137234154,-4.5072384470764,-10.329736204831477,-2.0016426389672173,-8.796215755884758,13.572537718336367,
2008-02-01,0.08808287550594979,0.09340832842512813,0.29193243938298163,0.24751363728180092,5.215448689806253,10.433543135503077,-2.927855062799069,-1.9746779414769453,-3.118337800646008,15.593609494124436,
2008-03-01,0.0815032967503263,0.10246487347188495,0.3233050133897605,0.29331840352386324,-5.922395993607259,-0.2556234890871447,-2.9287192389733296,-2.625394422276229,-1.9227383757750567,-13.682557743301832,
2008-04-01,0.06939870682334731,0.07853368535052686,0.21779465862890438,0.17537468986382632,-6.005179440934327,11.060366043041807,9.100982248673132,0.9839994286916901,7.608955773539443,-4.577871288225944,
2008-05-01,0.07081161823554522,0.06453057159467875,0.15572753098120054,0.11808375242658276,2.800022971694762,11.548884561443487,7.357575836186343,0.5089702420655444,1.6030261597560607,1.950308455533366,
2008-06-01,0.10243807543438091,0.06521196088286697,0.22822518492752555,0.1795769749871099,4.2907077142553725,9.470323316561222,-1.669818523461346,-0.5779542433343876,-17.60344844005347,3.4634256559408287,
2008-07-01,0.10706578489496091,0.10338841263779643,0.2703260847433181,0.24149040735785027,-1.3369024234037585,-12.071588898397161,0.0,1.0570546081941932,3.7453832761474453,1.876654011739271,
2008-08-01,0.10456208318501034,0.053488420550179744,0.20128453034067648,0.17075219493032945,-9.713922625482935,-7.200239192193498,-4.261428308257406,5.512309486369996,4.513821079534078,-26.580112392067406,
2008-09-01,0.10453768763865098,0.2843316553029302,0.3830047152439089,0.49614791866231034,5.272723965539651,-13.737435481596883,0.36649096543422827,2.639954079403712,-14.319586638409836,-10.661068386195119,
2008-10-01,0.053041219063176215,0.2896251728024804,0.9721582507514096,0.9631600392226102,-19.85123517620516,-39.48401461953101,3.6684920880165786,7.4907802391426985,-15.582052001999655,-22.875985898751317,
2008-11-01,0.08455478643519965,0.1733883042391141,1.0,0.9743661328846999,12.986259329681468,-21.9794162639253,-29.45908552301113,1.0339905322244622,-10.436709767907585,4.5702241726961415,
2008-12-01,0.11261372530176517,0.166206531032683,0.8051096941246,0.801372743267529,7.934500598810497,-19.918165323937938,-27.591527771464136,-6.210658209150564,5.45764277069879,10.122827779133086,
2009-01-01,0.09783613115123066,0.2058875146983175,0.6580632453402693,0.6352430299120427,4.827268072638026,-6.771242004649909,23.695157852486382,5.607831605966599,-2.800371426272048,10.837282577944622,
2009-02-01,0.05999578669256139,0.2319553664872962,0.6749639845827778,0.5787925120952256,1.519722345508514,7.129344117747843,6.697482483117219,2.3103172404800305,-21.329015296222327,4.0949344448405,
2009-03-01,0.07096119806173679,0.18114807714224745,0.6602046679851434,0.5792127753400536,-2.027860343572721,10.388493106290305,-12.45056656673194,-2.9753137922548776,3.6716638714728598,-0.844208044511374,
2009-04-01,0.09850990907132118,0.09283862050948373,0.5320170775059122,0.4339543018892489,-3.5188060518669926,2.897601216763751,15.143354852855293,-0.9644860585645006,16.208625279121645,-5.301874980833991,
2009-05-01,0.10694179299982526,0.11932878434591095,0.4161278443193239,0.3361815140732815,9.431963495428114,26.016488938769893,10.35983526928818,-5.066522543983379,6.2666744596466275,23.726523006470238,
2009-06-01,0.08883923412293049,0.0995215063999735,0.36209379189626534,0.2994817122903207,-5.426591081795096,5.2581890193301115,1.6600292029394843,-0.3736963196877852,-2.5173990418050414,-13.911471401031983,
2009-07-01,0.09376027021886446,0.08758665639485962,0.3053903166145905,0.2801512595012923,2.828776110538184,-0.6315543497451617,-0.6264278630412717,-2.246433218653458,3.1372715125618718,2.6103874506653097,
2009-08-01,0.07249716679728113,0.09761267846792436,0.28966909549079645,0.2323854696160561,-0.20992974796705424,0.731661180540651,-2.897910851518914,-0.23000305186370631,6.083446495694237,6.696686067370451,
2009-09-01,0.11361387824927247,0.07972744176526773,0.2818525895634476,0.25003500301230963,5.747357672646251,0.9248149108276152,-2.8028102402443396,-1.9636293583312057,7.407988062050705,11.03420427404331,
2009-10-01,0.10883317294147835,0.0609553857892952,0.26901042164962574,0.27160666384683296,3.096399338894209,8.663363568144657,2.537829576873479,-0.4576646937682551,-6.424674624625089,-2.372226014494926,
2009-11-01,0.09093470520737601,0.08085900004009229,0.26008379657306124,0.25885978306909,12.751402392693103,0.3629752254730704,-5.7956452879646365,-1.8786182797681832,7.171140000785574,12.965372818644724,
2009-12-01,0.11383970624281708,0.09352793439650474,0.21164045727468414,0.17355371834585187,-7.550923655670072,2.65592965591246,18.279004146636467,3.9025554531845206,5.701374038437604,-9.48128871869796,
2010-01-01,0.11095494094247504,0.1353828634898928,0.2002837237738582,0.22426108377180998,-1.1201982389495697,-8.504302364701577,-6.2822578031718965,2.0341388843188697,-0.4524010635050208,-3.8726240051989747,
2010-02-01,0.0880277357703872,0.10576851239455999,0.23640440726671644,0.21305504354433508,3.2074750695965077,8.88161767047207,-0.38867175448392827,1.126280867736135,5.185512892809265,1.9399037484856643,
2010-03-01,0.07407074399068728,0.11748050640900205,0.1455218424058077,0.11150020713260467,-0.4481097103384673,5.018796834122099,6.41037728363068,0.8796427693317035,8.057044877314086,5.952592964802645,
2010-04-01,0.10500026844768978,0.1160318565790562,0.13898824178513083,0.1612270473783221,5.827053835000159,2.813438861935841,-4.536525901140406,0.9819681701178427,1.8500116146758263,6.086649648678566,
2010-05-01,0.1054166040664701,0.15140777991930188,0.41520428206434146,0.4831208801995537,2.6837690293026304,-15.243035858336903,-10.405702426101753,5.478055521196305,-9.519122283647775,-1.0804533090459245,
2010-06-01,0.12124604265243849,0.12489749478324598,0.3768690653817939,0.35397112631204186,2.7100205465636193,2.219337144944385,-11.208140113684903,-0.5333423817854548,-7.258510921882125,1.4023218697702704,
2010-07-01,0.08518924788691706,0.22372087062826934,0.2940126025048553,0.30200307802082943,-5.258301737750388,4.296170849544142,-1.502244367347565,-5.348607971149252,7.180574548666187,-3.7322245049099125,
2010-08-01,0.0885948274867489,0.12121593516592781,0.27841050456257654,0.22636221297479808,5.482862644797059,-9.326033734357887,-16.0073494147711,2.0153602528319916,-8.456304112220266,7.552075734283957,
2010-09-01,0.06784372438588482,0.20871543242570367,0.2359782160176002,0.17635521504406693,4.656370869055267,10.60972149045508,1.6019550502463318,-5.53500428964835,9.671246983047713,11.664823292497935,
2010-10-01,0.0569107007631971,0.1616988178508858,0.1951455813436269,0.17131251030035688,3.7003678634192982,1.8092179618435356,3.7048506793170475,-1.8591529749609124,5.365674858959357,11.930084366661383,
2010-11-01,0.11755314668065558,0.19151789200416447,0.18985901466275093,0.17145258914286376,2.0350087523991376,3.238171400418635,6.843118263763317,4.9609471083119105,-0.9721544120275932,13.76708210513214,
2010-12-01,0.12283046410126067,0.15698015931586773,0.14175435778003345,0.14091609612636047,2.5731062796683264,8.290113284748319,16.688910383203464,-2.708769781359609,4.698595884193617,9.228984862225717,
2011-01-01,0.08527422946650712,0.09808093386322299,0.13691668477886462,0.12242611639237322,-6.339915461163606,0.8825085214418835,2.1847331094130893,-1.64576138259017,5.729073099881467,-9.268019195166408,
2011-02-01,0.10764641178895926,0.08789138614840562,0.13909705543427112,0.15170189982631477,5.5061114038055265,5.054997361208103,1.0600809831937323,-1.0994076838803635,0.989960702893353,18.217960470423908,
2011-03-01,0.20664407065440069,0.16034469370467835,0.2018132276082957,0.25353689392305895,2.0785787892001606,9.580692870076978,1.1648344191489488,-1.3486276799590196,2.2417932521896256,11.363293232520615,
2011-04-01,0.10976534384797496,0.11771439265869056,0.11651261181581837,0.09202970221837675,7.82394760017941,6.537563378296348,-4.682336541546097,-3.9389463125871216,0.8217855556804604,24.908215477230396,
2011-05-01,0.14002432915953572,0.05846683152132198,0.12922214341643282,0.09945369385008862,-1.3001881421147716,-10.377214016940355,-7.756803821928204,2.317646718117221,-0.37131510741589824,-23.776599230672467,
2011-06-01,0.09577137202937494,0.13857926253729552,0.1719108100052605,0.16010644335557467,-2.2119244746565214,-7.352390632070778,3.4797338432240985,-0.45655555646475987,1.9852189373158926,-9.556609593383971,
2011-07-01,0.08422486648030661,0.23873669109315038,0.1733260108615655,0.1954055101480816,8.053925618673006,0.29300856715733625,-11.853535064353753,-0.5398144195125457,-5.753469667023685,14.121462674874543,
2011-08-01,0.10117751533712874,0.3512190734502166,0.47422909896834786,0.5140775830262702,11.59594028320819,-7.4719037789917255,-23.47977030838298,0.31074230156999566,-6.379677887081986,3.9300389605814154,
2011-09-01,0.09357193789003468,0.24941927936133207,0.5028094562913424,0.4434794494412563,-12.082291119421178,-11.45229684921106,-14.219949455918321,5.791513193503541,-6.1647459832252585,-32.79140516912739,
2011-10-01,0.07876571039347599,0.13681694508472408,0.4323339498115343,0.47835830642355004,6.209009906130706,16.266418570763694,12.262227748609426,-3.076774320713591,9.46425622012411,13.366041493264918,
2011-11-01,0.09316480296938595,0.14545516006670645,0.4154404989149689,0.3482280273557976,1.2277901088559457,7.4123281584122545,-5.044664815597865,2.872870006889804,1.704661877889461,-4.790093212551937,
2011-12-01,0.09777667304946971,0.20334511252479653,0.28415582851507337,0.27020590213907175,-10.864414088713833,-1.5362506664434505,-10.01089196446295,2.245299680066953,0.7535217582457744,-16.059238050715642,
2012-01-01,0.08572483808866019,0.16119199090526026,0.19237806563972584,0.1634682554238171,10.422306684481942,-0.3547704951745937,-3.9242106065142717,-1.1163482590843588,5.01975341759282,17.581317980314484,
2012-02-01,0.11278140037139239,0.10975861697722412,0.15795868725038495,0.13783441502582433,-1.618506997016011,8.362930735627025,9.434957447236181,-0.6961554789435097,3.752175874429252,3.9818827553269354,
2012-03-01,0.10499688465328064,0.07934292443557626,0.1150515327323515,0.13405239314736866,-2.4030497420610755,-3.8559711767755607,11.412326181143547,0.2537067751789651,0.7498091061843101,-6.307639464144185,
2012-04-01,0.12032307244407345,0.07672816970844264,0.14658077143076156,0.12732874229357638,-0.35406910002090425,1.7798402484486147,-14.598620232262718,-0.1775290709282949,-0.4478317550322686,-4.762210586587943,
2012-05-01,0.08263325849669165,0.13393612257806403,0.20711352629851107,0.1933043809450935,-6.251263017314808,-19.22303535252985,-19.166006318468053,5.253633356527655,-7.857266607593637,-10.975230141804273,
2012-06-01,0.081896751473578,0.22447618856219387,0.20957256783099362,0.21515617274732324,2.5837655194565956,-1.8310613793717574,4.815749524927338,-1.6880592338195766,3.90327299929924,-0.5820565612455094,
2012-07-01,0.09242633012285364,0.19998548057936438,0.14167233494908124,0.12844934631632388,0.4355949638043903,3.5837825885609758,-10.609754386180507,1.2051979321196185,-1.3845526220181918,1.1356608108854698,
2012-08-01,0.07567885200037358,0.14433885070983465,0.10595476653330813,0.10729792200932103,4.498344261751138,9.121371923291179,4.58495837029708,-1.696299621586872,2.193773060719353,11.740457124759216,
2012-09-01,0.0638561804875977,0.20190217083957662,0.09824581006180902,0.09357051605133748,5.007267628913247,-4.538040054333389,4.689820221546662,-1.6254437386186376,1.477193810109899,9.559985783059439,
2012-10-01,0.09000944690945811,0.1784092603927842,0.11712560185318024,0.10547695049134664,-3.073106358139316,-6.671760890291003,2.9493576523844984,-0.025027239445731028,0.7633686956616816,-6.67563183796227,
2012-11-01,0.08943070527234484,0.23683175734451684,0.12523228031831127,0.10897884140209596,-0.3850182996182521,3.0490580932069693,-4.861227108691887,0.2873786664149114,2.374626867238777,2.7974718989100893,
2012-12-01,0.0755800129770127,0.2501924043209526,0.1367548222574945,0.15996636451306778,-2.1325777800733468,3.2205472175450294,8.929193683842158,-0.47524462529725453,2.459232564435793,-9.572281151593964,
2013-01-01,0.10900444127850195,0.22726668185565202,0.06435964502006872,0.04734556671636933,-0.8514816173610871,5.991965123143133,12.25804022366687,-0.7044909922420711,1.2377351092820326,3.778815857977723,
2013-02-01,0.08985456580535886,0.12317775782377384,0.07516425535616181,0.10771815853684163,-5.1210908811498586,-5.741784589652764,-5.010084756096244,3.437281410643371,2.9797476391124307,-9.852256500856154,
2013-03-01,0.0778296400667555,0.14898568563405545,0.05533847069461087,0.05687070090972299,1.0780307809804337,5.474739951491402,-1.9251938590696496,1.224473684514592,5.1848162484810905,-0.363401674891709,
2013-04-01,0.11840365534874447,0.13329029843135443,0.07315795451811472,0.08768733825258632,-7.999051966645229,-3.954581287090985,-10.045299838496245,-1.529892026804452,1.2499036396675651,-15.854320796372862,
2013-05-01,0.09434676235650535,0.0944570719580692,0.06413871697314963,0.07003780485633282,-5.558536148066596,-1.60710772889065,25.61452400402876,1.9987266910618677,6.434810872208033,-8.268308048873788,
2013-06-01,0.09277478038046352,0.12033039399214372,0.13607881407307035,0.1287295040013376,-12.921167404994705,4.870210131800317,13.549337633871925,-0.25217556473239916,1.3124091333262,-13.345429064210915,
2013-07-01,0.07377268004316045,0.0685944433010738,0.07329644967122392,0.07199888193412146,6.989672876233642,8.408146050681097,4.536372835879602,-2.0897386284602804,8.178591432402975,0.8498073197797393,
2013-08-01,0.10963646962090609,0.09406059531959872,0.07778009539170885,0.07998318893586073,6.182507681771708,2.4639225972555385,5.842175400184386,0.7826864169080721,-1.7898915066630974,17.90281175182394,
2013-09-01,0.12970594762131177,0.19864195151324027,0.08695860058798552,0.07438016882212328,-5.113872292947696,-5.0682334992526705,-4.997313438496173,-2.304328619041741,6.026172429614677,-8.01421256698291,
2013-10-01,0.0716127396185671,0.2655144762341366,0.10058974067478108,0.12662837479834943,-0.21886159755342047,-5.990422027753014,-2.831290663688081,-0.024939873822412865,5.288110465726372,0.8094258300737363,
2013-11-01,0.0818050667583965,0.06635624659068977,0.05329139772317551,0.03655973629910764,-5.673186199094222,-3.871447051778487,7.537159983036861,0.596724004793153,6.193501633399411,-8.859494987989986,
2013-12-01,0.06616244585042713,0.10326787117486406,0.07744458492546022,0.06877712199107847,-3.971975833968491,5.965980463635986,9.891882857269326,-0.7964195714651466,2.7877638525059956,-3.2658048399308317,
2014-01-01,0.0820943006138461,0.09251204830454092,0.0783695092951047,0.0995937726925955,3.1288343549921107,-0.9494230104457638,-12.591250131071273,1.5250382305269325,-0.4172173719508638,-1.2173761736466333,
2014-02-01,0.06327118688748085,0.07143469730144648,0.10177369245264031,0.14203670014910796,6.3499797250137355,5.099063967419135,-0.3755164198590683,-1.850407228278041,4.095868105131499,10.423980849527954,
2014-03-01,0.1706349390501283,0.08268132852442099,0.08971342002726199,0.09132930800584249,-2.917897373232003,-0.9893743004228713,2.416027448284269,0.4003003848245178,-0.24418695543918,-7.184686688669924,
2014-04-01,0.11441972083116045,0.07676310259982617,0.0775534018971755,0.08026334662087445,0.9461064113975434,-1.8279904698854126,-2.792959310848507,-0.7644634313822071,-0.4406866931701343,-3.166042068201411,
2014-05-01,0.09373753434309626,0.0841461613323657,0.044745832959546816,0.03501890910749325,-3.9356567533801337,2.9342695564016212,-7.486353826939249,1.1009805688029144,1.1345264510535167,-2.467559334686408,
2014-06-01,0.12613196785305075,0.060553576300211756,0.026963734341141077,0.01891020290285414,5.937715905743643,2.5568517413507132,2.372925120001778,-0.7368175222452052,-1.3049279176178545,11.884872954265651,
2014-07-01,0.21058432199749313,0.04958181497101144,0.041339610809345895,0.07914274259812695,-3.111925535318322,-7.077734062495454,1.577318255093155,2.0839259804892083,-4.922627493398219,-3.0645258956516845,
2014-08-01,0.20570904769261636,0.028073942570507895,0.0642054919673711,0.08026334662087445,0.35059050586858814,-2.276922262177833,-8.701140242908588,1.571192327588622,5.689325180456162,-4.904045016196155,
2014-09-01,0.19538360852605333,0.06091839701147052,0.06362514602702699,0.07017788369883968,-6.034763330437137,-5.13151838809651,6.8053449855828045,3.7825392497940866,-0.7744138772948713,-13.160375147191983,
2014-10-01,0.09422783003967677,0.10078879159208874,0.15025764124741678,0.19568566783309532,-3.3090040177142033,-12.386227775914003,-7.147367424546465,1.087841781699838,3.3095866599075117,-5.617659516993695,-13.428478883068271
2014-11-01,0.09574646085720084,0.07116511731299589,0.06260620352582982,0.0502871556157449,0.3494847109916711,-19.68290531627532,-6.228554299681244,1.689156088735983,2.618296504705666,-3.7259543046973014,11.102332724778677
2014-12-01,0.10027918237472372,0.06268083256358796,0.11780404393283403,0.17187279895307694,0.7375789728429574,-21.65515841057358,-1.0999161750213533,2.1385756662892312,0.6902815667975283,0.4894661681078566,-16.60946011274291
2015-01-01,0.15404967358630065,0.11138882279012373,0.17126941822114264,0.15534386957957097,7.6873421691924095,-9.918474230916384,-25.89140659017283,4.896429933014989,-0.24444014213628346,9.941934956621548,-38.68905772802679
2015-02-01,0.15392084769915193,0.06296627033876205,0.1100421583830821,0.11388149402060649,-5.292072122726001,3.1022827486660334,17.833359076724655,0.4735572554296681,7.5075139267293745,-4.029614745043868,15.633582596141801
2015-03-01,0.13768074537836525,0.0752715738070192,0.0892575519456427,0.07802213857537948,-2.4628702880035562,-4.437868551858327,-3.4556322655526834,3.212920954646379,0.7715280070767154,0.4109444738322075,-4.028333337163138
2015-04-01,0.13336216970702205,0.08639552775466476,0.06416015069770989,0.05336880999897367,-0.05917997821208857,22.532609186630037,5.629626447304161,-3.8976763625239768,-3.018138678186684,-2.7948544465513505,-3.363979171984375
2015-05-01,0.078601805837619,0.08459261006400877,0.06118452992927073,0.05392911201034739,0.5902706957036512,1.1173270033349452,2.366689763663433,2.412529060719022,1.208362601056903,3.414129792610969,-2.554097576350193
2015-06-01,0.09896920276579108,0.10453162888861879,0.08024697194709826,0.10575710817636036,-1.5164019851011128,-1.386008683587364,10.845834042735872,-1.476124294436164,-1.815472326075777,-7.03252550684982,13.352265916861095
2015-07-01,0.14311576373174387,0.07932335164272823,0.08049798548669682,0.12144556449482519,-6.762192177048758,-23.277448756951976,-5.728443315951372,1.9496675607483878,-0.927586237053029,-5.315304295259722,7.883260932257106
2015-08-01,0.09173044474595665,0.16425837141868338,0.17714585656480877,0.4123826944893403,3.296948167523247,4.319612232981109,-0.2270092259693771,-1.4690992550347794,-3.939686093911135,-1.1526958165278625,-21.293757746809288
2015-09-01,0.12613270906515944,0.18694303243076382,0.2713882627960533,0.28155202120905354,-1.4329803980008056,-8.723314318809514,-6.575142701411877,0.4160188375542639,-3.777769866324858,-0.4400153641999252,2.5763243171789676
2015-10-01,0.11169595969146756,0.096918126687097,0.12690117958426547,0.15758507762506596,2.3040452097263038,3.27254332867598,4.322690590174303,0.6207971187472296,8.118516873554462,7.00442801360307,28.583546157374563
2015-11-01,0.2358479566425721,0.06586891143832473,0.11586516536241312,0.12298640504509328,-6.861745029357863,-11.208452385522735,3.0672998763878043,3.2673374133186948,1.435873433239521,-10.246663820174263,18.317486099129066
2015-12-01,0.23061229211981313,0.08407028130039255,0.1504360244815697,0.18335899686556556,-0.5173803693284603,-11.730297075335978,2.273336964465192,-1.5493277225627817,-1.2632306280744086,-1.9767082009114108,13.200659019927341
2016-01-01,0.16719784182237116,0.16183788901330187,0.25883450914889794,0.2281832112100799,5.155731154774186,-9.68773382850032,-16.130122885171826,0.9887120165913718,-7.735364131960962,3.242681465171388,-15.493790877094607
2016-02-01,0.136655117292949,0.1522289649523736,0.23596642526390352,0.23588736052680542,10.0070660159854,0.38593211083028045,-10.415288177579765,-1.4154533436943717,2.4821839051905226,4.581057239079282,17.136186587376248
2016-03-01,0.14926513331150948,0.12601189212039643,0.1089925429264956,0.10323574244585165,0.02430426338119695,12.751332427882115,2.60933712225932,-3.7556310338072816,4.390142672578641,3.716333123815603,-4.9090729712865935
2016-04-01,0.09752350077443775,0.0759103315449307,0.07950299433852462,0.06947751620361275,4.359888574213941,18.040697053906587,1.8308412751777068,-1.6092365403541395,4.172125393178868,14.032421824119664,7.306664697864012
2016-05-01,0.10409387883192964,0.07562939038014953,0.09002172440309766,0.07045804138385339,-5.944233870056775,6.6958291587084995,0.8212466472606027,2.974233669453881,1.7568925903723567,-10.774306702419096,16.998587495599928
2016-06-01,0.10797090155949093,0.27813338934887843,0.1456580766639116,0.20254937081208713,8.183940430718858,-1.5806479980015993,-20.90664090297253,0.2603761316776516,0.9740794678671489,15.135621279104008,23.67572485258801
2016-07-01,0.15959316672045287,0.17595392645348434,0.05775687340985544,0.059952368651605414,2.2944678534600844,-14.995239315605946,-2.03673644757715,-0.6365134613544816,3.6004520020696678,8.901844828956046,-7.500474237317277
2016-08-01,0.1260715268395805,0.0913071640495423,0.04330483131708934,0.03291776654585146,-3.1705637923870165,7.18733881000842,7.273530012635298,0.511614663831946,0.5390586991458836,-8.68681943877358,-8.205062056994702
2016-09-01,0.13833538069008394,0.06110502674179079,0.07796145429897036,0.09581172409683247,0.48851514869468404,7.621506852549749,2.519029989102071,-0.5849166154959273,-0.6102087503878248,2.7384471330280866,5.783386519289689
2016-10-01,0.09863512557776677,0.09303986452181225,0.08492558050448504,0.08068355643108766,-3.234578490865826,-2.902414110836642,13.150817348812282,3.084147210002654,0.9332041392340426,-7.4666839997529335,13.944350918112391
2016-11-01,0.0926601986564467,0.30775204117636723,0.09732136268649602,0.1570247889723459,-8.250998833952048,5.359533926786229,25.5546360754949,3.05100243947559,9.540088980717615,-7.94141649181392,6.184335541933584
2016-12-01,0.13334099682200473,0.17149373462034045,0.04469142706802859,0.039501325198483206,-1.7925375165358137,8.302560900596218,3.24083479044334,0.8730247143836736,-1.6027615712103291,-2.9066437247765884,25.651336467372666
2017-01-01,0.13972086725426094,0.22091765455421924,0.028240944490047853,0.021711726318376562,4.970070236987889,-1.7084801655259365,0.20420166157958256,-2.853088253111284,1.3219474996533889,9.4305617851106,0.6886822934748311
2017-02-01,0.1587397254305427,0.19553674082341393,0.02675612874838193,0.0226922514986172,3.575872687342833,2.2468590804619857,-3.8682275327734814,1.6049794465591283,6.379718210810688,5.055072441450721,19.55328038471147
2017-03-01,0.12163081230337333,0.16147380123498356,0.03375044679731093,0.02549376155548591,-0.4240117321882672,-6.521763739012604,1.5986822940800591,-0.7643897523379787,-1.8189356855640486,-1.0094177236993738,-9.61588052148533
2017-04-01,0.16983526786471034,0.1659828252024494,0.05733442995026097,0.06527524443898283,1.4960035964600649,-2.541909377358219,-4.874836218467149,-1.303925608194228,3.3327233005558137,-5.895686756032182,22.921023327202704
2017-05-01,0.1341847379012753,0.12512664822344943,0.014030887111266988,0.06009244749411227,0.46491746567466286,-2.0686905053292106,-3.841471104568654,-2.1738926898944215,2.5998867113629913,1.0243444161352921,52.844244577709276
2017-06-01,0.18531433870957034,0.11152736811132864,0.007391965515974569,0.002241208045494991,-2.491476780654583,-4.8334943571677185,4.71407613729802,-1.308560052118419,-0.051132943162509194,-4.715626234888794,8.16143845015584
2017-07-01,0.13467788565314354,0.1416674437497505,0.002647778414734514,0.017369375711239782,2.066042871353375,8.590659825999865,-0.435350719955482,-2.9707287370116546,4.686673299874158,1.0925086286857404,14.757371076074582
2017-08-01,0.2101147480133421,0.13684701394490473,0.03523245189875768,0.06639586182038401,3.841263411716219,-6.038792778335385,-7.753712312281611,-0.20482133248626255,3.6089828736594955,4.265908576846044,49.21125956912839
2017-09-01,0.1615446492961353,0.10561922311626819,0.00595165744486123,0.013027025104103002,-2.671749312009183,8.984803264580766,9.226234357351613,0.44145822662011397,4.458501031619307,-5.123302968213585,-8.070649448199928
2017-10-01,0.11070265489931214,0.11921296137736721,0.0,0.0,-1.1379365482986703,5.111915198440619,2.126832755935139,1.5669469275193058,1.3556668825208706,0.22855841711600972,39.93517077212813
2017-11-01,0.11309860692729101,0.0977719763845132,0.007903063978034475,0.02563384039799277,0.4881476736087077,5.404787106275967,1.710875361070864,-1.6421790158996115,2.932136682864973,-1.5926729298022535,45.87476184223968
2017-12-01,0.09223674095610046,0.14050865601413437,0.002647779322753313,0.005322875787377418,2.5665372814242566,5.127581574430892,-0.4977232944793613,-0.961493245437875,1.3846106778667189,4.055334152832782,32.449046020057295
2018-01-01,0.11274119767115023,0.17082097256363782,0.017841455020501856,0.04888639390798369,2.47243158197037,6.890467876488502,12.308199916479342,-3.299615744058247,7.7409890308968246,0.8405431657535467,-32.571267338712424
2018-02-01,0.053741503372805144,0.10287798950134734,0.2349712018793231,0.36447679904428987,-1.7706245210825033,-4.891382386793028,5.298304255171879,1.6468641642833306,-0.18711814341456162,-5.250556132792552,1.714972738881386
2018-03-01,0.1540002540746202,0.20923684693182387,0.16944723396059178,0.1900826477193579,0.5533917539993733,5.215280371945811,-4.529213902077937,-0.5089622394671733,-2.2413321855733943,-0.6206418996039467,-39.94823782495519
2018-04-01,0.17786837967874833,0.13857556948098554,0.15504744652747507,0.17257319316561126,-0.5001979096123527,5.439131257620191,6.872535342454482,1.8572926121044886,-2.8748408248531954,0.5471088017518216,28.147986455586256
2018-05-01,0.182943829592887,0.17274626261806747,0.07615282666460485,0.08012326777836759,-1.230759413469827,-2.2565647015438577,-3.960228488883908,2.314047820756472,3.4440237617720206,0.5502254552679114,-20.947601205123924
2018-06-01,0.13711752085561402,0.1317644355953671,0.06765128404339302,0.09258999087109682,-3.825811589659358,10.080061933195182,0.952218458899279,0.6786150591772835,-3.1552328876768696,-1.833561064005046,-15.720257936947895
2018-07-01,0.14991591754292438,0.19322455784903014,0.05754967186725171,0.06779659681083786,-2.2304033803342898,-7.546787757964121,3.957165544729508,-0.14805353091800932,6.715882996375678,-3.822767009738224,19.469008919566143
2018-08-01,0.15564632503491593,0.10318058678268598,0.046111534765753304,0.04874631506547683,-1.9307449878350325,1.501184190721223,-3.8168656771058176,0.6855498402307695,0.7887671386220864,-7.097642323151783,-10.034851215463597
2018-09-01,0.0760496191877772,0.11203714826136037,0.05303482525779191,0.05014707677323804,-0.7358548672435606,4.824419440739219,6.873582327362904,0.052543532209506534,4.631398575203538,1.2732040849106454,-6.032946673004456
2018-10-01,0.11187462403627119,0.1342813421048667,0.17570011453788317,0.1951253524630679,1.7306404491002396,-11.47331213644253,3.314862702920973,2.0175339225926314,-12.123102971688857,-2.731349954500007,-4.75939550067909
2018-11-01,0.08735660043259716,0.17666523930362382,0.176402288626011,0.1566045524448253,0.6495317671459019,-24.869297964417488,-4.731923251468424,0.14403232329909219,0.15112676329020688,-0.9532976836757803,-45.27387427560986
2018-12-01,0.10889920527237709,0.2672840488161949,0.28235704556911445,0.34696734449054323,4.651636867042119,-11.471980513894337,-11.488312536923226,-1.1373142685228355,-10.381345741345505,9.075888354551157,-7.079481416896669
2019-01-01,0.10217550910153683,0.35191062764983855,0.17989341678301526,0.19820703356360403,3.1873292651691054,16.935525155591847,-1.9169960203101843,-0.6153827377308696,11.7950123622604,3.74546890870585,-7.917694887915783
2019-02-01,0.12197778013676588,0.11593935266411227,0.09729368354291315,0.07101835675388082,-0.5242103053610342,6.181591564991688,2.843437947839694,0.6049896563085363,7.247614960649436,-3.067409439115991,10.868489296899064
2019-03-01,0.09141314151021773,0.19973282795393027,0.08302132760323752,0.07410001113710957,-1.51971981979025,4.977165845606917,-11.603242095497333,1.1579896799113576,-4.375254669731554,-3.1246393167700313,6.2988889336759435
2019-04-01,0.08491905995999904,0.09542498649159499,0.05376836771334606,0.0417425332439782,-0.7919872889150059,6.080067386310959,3.859915557348286,0.2053857524646631,4.908126262451487,-1.0681062885323744,26.492813082168627
2019-05-01,0.14240452237355194,0.17066063990415764,0.12561147839870376,0.12956995033907137,1.7770690263089666,-17.779418737268628,-15.814433914491433,0.27659356713181044,-3.7325698920556665,-2.5145728144983623,47.156055233512845
2019-06-01,0.14265068536016495,0.23995856999211895,0.10874325528297415,0.10589718701886719,7.656096399383655,8.88321691630445,-6.859277276611513,-1.6711785359289577,6.195337601666873,4.856076281981372,23.234041502310138
2019-07-01,0.11505271597196723,0.23959701837172892,0.06056391468816616,0.0675164658431315,1.1566547483627048,0.18795495919165653,1.0445212560827888,2.455812567252545,0.49823749125235833,6.920703814314548,-7.002189192516152
2019-08-01,0.13592599016430867,0.34953909380823067,0.1685956738534665,0.18616052028108798,6.317460951895688,-6.124368419095569,-29.413523588007713,0.40518849640445626,2.988168248579755,10.661378890352882,-4.615925207805736
2019-09-01,0.10839300574207353,0.20856759589112084,0.10346847334557521,0.11710322724634209,-3.578512742282358,-1.887019071613976,10.635597956844322,0.46394343942478755,1.5531080981800964,-7.340173489956209,-14.943571475752263
2019-10-01,0.12416701455295853,0.16868055523913228,0.10170745574417603,0.1297100291815782,3.070347902050195,0.20323445397504009,0.950692408377408,-2.0638142392948895,-2.068405905002325,6.3953915801984,10.364190373643964
2019-11-01,0.07187730400144324,0.18480772487995079,0.04566486255768881,0.02563384039799277,-3.077169147809708,1.810745180544367,4.904359656455577,0.9406042069971107,5.0670395456803945,-5.976108807559548,-19.50141964688718
2019-12-01,0.07441489199540552,0.21424900407285064,0.06914748108372645,0.06527524443898283,3.6116635095048837,10.143771570255634,7.74405749739842,-1.9316302750253471,-3.4490750257090927,4.938206354499736,-5.095255396872527
2020-01-01,0.2098810083862027,0.17639045339174914,0.07265674972658229,0.10561702933385353,4.087728975847391,-16.91108050917765,-23.309391012161452,1.0321074242249137,2.4991236620613377,0.8044792557417026,26.224133133159196
2020-02-01,0.07795390588810519,0.252014439822973,0.18097058754795867,0.40355791443255984,-1.1948060044142323,-14.143135876133478,-29.915111009976535,0.7569572523161758,-12.527129304319443,-9.232671351174595,-8.37278669124735
2020-03-01,0.08974833077421795,0.5601625391598234,0.9066410251967739,0.9999999999999999,1.2263886084912545,-78.18660681249006,-47.909536861855216,0.9331701725652126,-32.80047523431511,-15.0455371442174,-28.93870426283234
2020-04-01,0.06398055910209435,0.523649556968926,0.5965712741207799,0.640986128868287,6.171619544791895,-8.346650057220305,-11.527906356572524,-0.030298792313015632,7.954525136610238,5.519404683247321,29.622965920307752
2020-05-01,0.062222984059363495,0.6751133346826836,0.39554286586485743,0.36265580080900806,3.0811284512068817,63.326873670511915,4.0950640287781015,-0.6890991287177991,5.489824029443701,21.329528721164067,8.86365782388786
2020-06-01,0.06796898923225056,0.3755879871605856,0.3997806957103883,0.41308306198456723,3.1788265489053127,10.120986629426607,0.768642559936493,-0.9707295038505821,0.34793405308971204,0.5462268776771344,-3.474348382823372
2020-07-01,0.05792730539685559,0.5633032961429179,0.31829596125247905,0.29261798259402155,9.048185548738568,2.5145905983977723,-19.74429389148735,-4.086907385262576,-4.991400571846103,26.59134344398444,21.443648496699154
2020-08-01,0.055800026644963974,0.3215285025779539,0.2430602264110265,0.21165428183657387,0.24424634206246018,5.648219560523474,25.68958400446891,-1.454530296980047,6.396040799007266,16.179317349052152,3.1070927138791187
2020-09-01,0.08729280785133114,0.30552682957071825,0.33366641778398587,0.3123686451932632,-4.156131138996335,-5.772456714080444,-2.33587735384359,1.8814724886152032,-5.057324480428914,-19.35458144080573,-7.983910406026111
2020-10-01,0.07822341705614141,0.3837132931896132,0.3677719206501745,0.40593917460325435,-0.5365348216100481,-11.669586433668606,23.926115339494917,0.15963556376313914,-4.770829689843891,0.7821506857128269,24.518137446988657
2020-11-01,0.06551823584815,0.4158280784129126,0.2831633514390106,0.3618153811885817,-5.569317004024922,23.65210980863283,-1.8779932754422362,-2.334566922760647,20.184988158777976,-4.694151889881716,35.35563807245815
2020-12-01,0.05284584521931404,0.4143681504341957,0.2332450787541203,0.19414482728282728,6.402100025269351,6.77864450655877,8.295499444950734,-2.123175569237846,2.6855939583556205,15.5759660072779,39.050830451405496
2021-01-01,0.08104406750908325,0.31834495395408685,0.2815352101883972,0.3629359584940218,-2.449054412277445,7.31064159939063,17.557407033420375,0.7090649855453094,-6.139047626175461,2.1341315006235475,13.261184347027156
2021-02-01,0.07373252568283845,0.20985983325076069,0.24783994810928253,0.2653032495205612,-6.670261506449394,16.395466530818084,28.95102029197486,0.3856524751136367,7.074241456800273,-1.8686491385856712,30.975235163629172
2021-03-01,0.08357861008807727,0.1793754077276482,0.22313258970921837,0.24191061716806345,-0.8309369206091679,-3.879153954911402,17.889102506418386,2.497961122162902,8.831778550467016,-7.407301847004439,26.644141051552754
2021-04-01,0.10374286655855283,0.14190537735438702,0.13883409046199277,0.10379603109857172,3.073983009824422,7.205334901852238,-6.813413754604351,-2.1137902134963933,2.213342599040726,5.305991059738686,-2.003437521041569
2021-05-01,0.11396688857268136,0.18718346545124775,0.18347568053747879,0.2281832112100799,7.371582491143333,4.219252194359399,-3.1135809838610045,-1.3788757619111323,3.5622367098327534,7.9527806841932165,-43.62526106275708
2021-06-01,0.0740922391418388,0.15341910919109975,0.13008647565295603,0.13167110625936684,-7.173736130380683,10.238567002169868,-9.133328815467438,2.6416877255355073,-0.5308725248169216,-6.753180519547531,-6.335966015343063
2021-07-01,0.04092037080972653,0.20199659655622454,0.1423977667259265,0.156884710129839,2.333081571956269,0.6511971641780496,-15.241967874496332,-0.29251336773786757,-1.4344946582172708,-2.464679062058343,17.22155416570837
2021-08-01,0.10653140319122106,0.16527517773276662,0.14000590486530326,0.14525843337484357,0.13232025473544534,-7.65554026207742,5.113190623451242,0.4978355475315467,-1.8602980674281215,-6.339014915753108,12.49582060066766
2021-09-01,0.08796777815611823,0.18601349213781804,0.18469939073818517,0.2018489765995528,-3.3445657419113073,9.105427201992374,15.917747677552537,1.733779271329129,-1.4831011429733592,-8.438919567005506,-7.426196175476507
2021-10-01,0.08444552210239722,0.13546575982782633,0.14745763570629464,0.16332817658131027,1.5657528583302331,10.779658307350298,1.8146963551448778,-0.13802332872543402,0.24911281007277564,8.376298168317236,33.66631368797336
2021-11-01,0.10036983583827577,0.19273614131041755,0.15948163781041577,0.24261101138059776,-0.5285973326297307,-23.3306293256841,-7.603666781652328,1.967340407986065,-6.319945536971856,-5.05352790739256,-7.294259278707889
2021-12-01,0.1400253926377786,0.23031705737544256,0.21383034930215641,0.277629920488091,2.9937547087090435,12.790588156059929,4.670900304690857,-0.33392465699282226,4.81556634326549,2.4430075912802987,-20.786529343198914
2022-01-01,0.2104175492730417,0.16245882016155233,0.24861067225931852,0.28939624936828595,-1.7943890701554308,15.87557374885418,16.430304412381037,0.9052689164947672,-1.618399956257858,-4.08165777888815,-18.506132549831815
2022-02-01,0.37406406663638647,0.1406443905661432,0.29750087588719765,0.2762291587803298,5.653303774003849,8.23873496391194,3.148563981813762,0.17593605463971307,10.119884305527044,8.414575530799237,11.546403777657813
2022-03-01,0.5911693794063045,0.2712064787801949,0.3207379960288451,0.3522902336365743,2.588094725659205,4.653898532411978,23.53579041554772,1.6408926282936755,-0.8533042913051184,3.0720665857967115,5.287811077187115
2022-04-01,0.321230370850332,0.18237798681034784,0.2713188964734399,0.31124806788782305,-2.068229862575525,4.303736453445635,21.56380872326935,4.621482785072336,-7.426759314385732,-8.647228570154395,-18.850740309829593
2022-05-01,0.21798590498163503,0.21417268695326458,0.3679067132485727,0.328477364756556,-3.5504847450580828,9.105479643057507,-1.5006382264374234,-1.1821730073098597,-0.6632725039948149,-6.218027579631996,-17.083012512480096
2022-06-01,0.1935898107698377,0.15882863146091902,0.3422808975416509,0.3182518497093217,-2.1170021916460193,-8.088602577995013,4.402354022155677,2.848480132889764,-2.724769322166103,-6.53178268909478,-47.43141995470299
2022-07-01,0.16501323192520434,0.2617162597939041,0.280744948723766,0.22748284371485294,-2.310164478570834,-6.989828765609479,-11.769889676784642,1.1491641364435898,4.563045103606572,-0.6231755245188939,16.512539389891394
2022-08-01,0.19814307675341616,0.20326604165781542,0.22935039286269263,0.2088527584210515,-2.883070735725272,-9.647694606059769,17.0454788155702,2.60964990360768,-2.034043486806809,-12.644072276230228,-15.181828145180804
2022-09-01,0.19629011093496043,0.23076522702026891,0.32906900450259147,0.29836108155026586,-2.9867130752255764,-11.916596187471741,19.406213951479927,3.0977984741280005,-10.513107062003236,6.527015367020694,-3.1307030264844373
2022-10-01,0.2198950095606694,0.238905811074612,0.37857052914964695,0.3127889084380911,-1.606922950693776,8.485995980054819,6.930833984661102,-0.5276148732014236,16.18442725441841,0.8664931173032062,5.330835462777448
2022-11-01,0.1640406971853985,0.24346295905629345,0.25347014815168234,0.20717186574558394,6.513433087548876,-7.161301300187955,-9.621813798221226,-5.132634615082734,4.2994768695802374,11.93794014339337,-17.713851378666824
2022-12-01,0.15238170464218564,0.15475094807225903,0.2220136912826657,0.1919036192373323,4.134416808658608,-0.3606756054337706,4.643405470719405,-2.3202457585837744,0.1614874056456001,10.191143384436248,-3.684538037240717
2023-01-01,0.13774785730081357,0.1714971564055719,0.19190200410073457,0.1624877302435765,5.858927649154003,-1.7470429221082318,-9.456281805748292,-1.3812088099040614,2.481031674671829,-0.4788932636527459,33.52969478089463
2023-02-01,0.17307604056350942,0.15905903103027208,0.18921901398162425,0.16206752043336325,-5.354619541810178,-2.3346360860442554,10.40561392943241,2.6768803810989104,0.034882846553670695,-12.483469300507812,0.034871026083902745
2023-03-01,0.14009836980386947,0.22892953348468564,0.21934892120974206,0.21319512238684196,7.3811093079553896,-1.807284486508788,-11.402349671623424,-2.276113840211397,0.5748010952346713,13.855191320909707,20.72684129398986
2023-04-01,0.1431178584616162,0.17736413571623633,0.14648355411233746,0.10925899908710968,1.065907680538509,1.4562417165404045,-1.2093454660299825,-0.8228119357263728,-0.9780060899860922,3.7620343483327137,2.7373461181211813
2023-05-01,0.1466196183892017,0.23581992290203002,0.14317389244492565,0.12312648388760011,-1.3252571891915053,-12.01138679624312,5.220544403780371,2.573083897567547,-4.762373175134943,-6.294238071199233,-7.258288882309545
2023-06-01,0.15097301491634582,0.19778671372863432,0.0736723488525309,0.06093289383184605,-2.2034378626575393,3.676624194388555,4.882942066195707,-1.3608239819407664,7.3228330002839295,-2.869445244673628,11.304112741980457
2023-07-01,0.14446770239135007,0.12927655437551394,0.07271478133712642,0.05799130493247048,2.53893917090382,14.668073326085981,3.600288632527473,-1.0255527985032,0.8959684770825096,8.581969618443878,-4.178117992578799
2023-08-01,0.13114602606862322,0.047138595897872365,0.10908436620095299,0.0923098331860831,-1.6527635527120155,2.2124993635113896,3.328668559921369,1.71310604444126,-1.3254485908713305,-1.548909723065979,-11.97419963413393
2023-09-01,0.12585256311469445,0.10720527711564372,0.09741295052055135,0.10701779104161468,-4.760161102658575,8.214688291630937,11.089125299960122,2.4311177886105675,-8.978487006988225,-9.581701200066163,3.9190472235030605
2023-10-01,0.33547353495720655,0.13057544491483325,0.1668558793106286,0.14581872202756363,7.1561569035859405,-11.385316112652706,6.395066978403173,0.4604673727836751,3.6050790196075897,2.684454946125399,25.116289769515248
2023-11-01,0.24847827542758752,0.14098946312462185,0.07525016121599018,0.07802213857537948,2.6298349196287205,-6.44891224498204,-11.34845405507591,-3.0074626801453066,8.71174856400739,10.197049935379752,8.418736858720596
2023-12-01,0.21803021657508828,0.09147764945262428,0.04937815727172512,0.03319792423086518,1.1852316520641966,-5.841369832086229,-11.84151993939535,-2.1189077174984736,5.813799175006838,-5.8617626196255035,11.396562667992704
2024-01-01,0.25624521152807833,0.12716386658583734,0.06226496674221846,0.04888639390798369,-0.6811352920151441,5.696451010701545,2.578977895031032,1.8964349646495702,-3.1697698852125096,-3.420084418900562,0.7482090893393047
2024-02-01,0.22715134719812477,0.0907591268041368,0.07271478496920156,0.06373441724736845,-0.1318947587936597,3.1278958401365213,6.9379282932454505,0.85813284418239,4.175747354429656,-1.6843157798297481,36.26749169775404
2024-03-01,0.19888216190560346,0.10575373014875285,0.0697346246256835,0.05490965054924171,8.059528897131605,6.085003978594117,-1.0877384479013268,0.3737241445341265,3.3232458532494578,8.985669333441127,15.324737915532548
2024-04-01,0.2637928455242422,0.13912931367819242,0.11448890613009668,0.11107997060508407,3.282764754355991,-1.5021455986229724,10.80672704986262,1.5846971422368623,-1.5891364653691988,6.230035746753428,-16.246525942897286
2024-05-01,0.19319812851032417,0.1158926463216192,0.05646111433566711,0.05729093743724356,1.3653421179197256,-6.218971233545744,-3.73956475334336,-1.4699900113272146,4.64217616934492,13.802565565412209,10.709750645077836
2024-06-01,0.15638787552302988,0.14613715559923113,0.04858488419551241,0.028435350454861508,0.20642715709030804,5.741819307595959,-3.8618326253398276,1.139942592505981,-2.7422972377470076,-3.5613713185747806,-7.398520766284587
2024-07-01,0.1126737957091811,0.14725216037364264,0.08273115699155584,0.1002941401878224,4.15692552542416,-4.553934727193934,-5.538559858706472,-1.6859991335151605,8.092184935613723,-1.582381163848349,3.0497170964087656
2024-08-01,0.21527532452683115,0.1375920250093554,0.17494029995535879,0.3819862535980365,2.7357781297022568,-5.758887280738758,-4.938664084638451,-2.332468791604224,3.114834822296779,-0.16344915574448346,-9.148523627827165
2024-09-01,0.1928536904660851,0.12146727175682455,0.14555247284050318,0.15520379073706414,5.549291807334333,-7.596093002516508,-2.8265843080881736,-0.9087361907163704,1.4504000418478409,8.128685772739084,7.13241376079036
2024-10-01,0.19355155777970748,0.09484352254154178,0.1872912278395696,0.16612969999683264,3.8036718490544406,1.5863011303345929,11.935987777969286,3.125869410008682,-3.543763648175201,4.667316310769882,10.321337844136172
2024-11-01,0.1897762100174881,0.2650377066966147,0.11417038098077445,0.14960077062332666,-3.01396409463679,-1.8359864641808228,-2.505447714293883,1.6784625364647163,7.430109519539539,-6.216281294053512,31.745030445482325
2024-12-01,0.21821390827158552,0.25591689545566837,0.10931816314202777,0.22860344773760044,-1.0518067941868656,5.326196058122574,9.03367779227117,2.5674752539151724,-6.502615634632561,-5.854917877924457,-3.181097458519408
